"sentiment","avg_noun_sentiment","avg_verb_sentiment","avg_adverb_sentiment","avg_adjective_sentiment","avg_na_sent","avg_tot_sent","last_punctuation","comma_count","._count","X._count","X._count.1"
0,0.1,0,0,0.234375,0,0.1671875,"",0,0,0,0
0,-0.0260416666666667,0,0,-0.109375,0,-0.046875,"?",1,0,0,0
-0.5,-0.331298828125,0,0,0.005859375,0,-0.24700927734375,"",0,0,0,0
0.5,0.2875,0,0,0,0,0.2875,"",0,0,0,0
0.5,0.0625,0,0,0.0974744418635964,0,0.0858162945757309,"",0,0,0,0
0,0,0,0,0,0,0,"?",3,0,0,0
0,-0.0166015625,0,0,0,0,-0.0166015625,"?",1,0,0,0
0.5,0.2576416015625,0,0.09375,0.108072916666667,0,0.1895751953125,"",0,0,0,0
-0.5,0.0929642468690872,0,0,0.0009765625,0,0.0745667099952698,"?",1,0,0,0
0.5,-0.00892857142857145,0,0,0,0,-0.00892857142857145,"",0,0,0,0
-0.5,-0.0517857142857143,-0.25,-0.625,0.125765192896128,0,-0.0703170877439635,"",0,0,0,0
-0.5,-0.208321889241536,0,0.0625,0,0,-0.140616416931152,"",0,0,0,0
0,0,0,0,0,0,0,"?",1,0,0,0
0,-0.0967976252237956,0,0,0,0,-0.0725982189178467,"",0,0,0,0
0,0,0,0,0,0,0,"",0,0,0,0
0,0.0316163897226715,0,0,-0.236358642578125,0,-0.0577086210442606,"",0,0,0,0
0.5,0.13307586312294,0,0,0,0,0.13307586312294,"",0,0,0,0
0,0.0638547956943512,0,0,0,0,0.0638547956943512,"?",1,0,0,0
0,0.0310770670572917,0,0,0.0537109375,0,0.0367355346679688,"",0,1,0,0
-0.5,0.087646484375,-0.0833333333333333,0,-0.065625,0,-0.00608723958333333,"",0,1,0,0
0,-0.0590220557318793,0,0,0,0,-0.050590333484468,"",0,0,0,0
0,0,0,0,0,0,0,"",0,0,0,0
0.5,0.25,0,0,0,0,0.25,"",0,0,0,0
0,-0.0624885559082031,0,0,0,0,-0.0624885559082031,"",0,0,0,0
0,-0.0622267723083496,0,0,0.0423177083333333,0,0.000499916076660159,"?",1,0,0,0
0,0.1,0,0,0,0,0.0833333333333333,"?",1,0,0,0
0,0.0638547956943512,0,0,0,0,0.0638547956943512,"?",1,0,0,0
0.5,0.00813519954681395,-0.166666666666667,0,0,0,-0.0375990668932597,"",0,0,0,0
0,0.0156669616699219,0,0,0.03125,0,0.0195627212524414,"?",1,0,0,0
-0.5,-0.0591331845238095,-0.375,0,-0.0239454905192057,0,-0.0801635578700474,"",0,0,0,0
0,-0.012736093430292,0,0,0.015625,0,-0.0050185067313058,"?",1,0,0,0
0,-0.0001220703125,0,0,0.0048828125,0,0.0018798828125,"?",1,0,0,0
0,0.0416666666666667,0,0,0.04248046875,0,0.0349934895833333,"?",1,0,0,0
0.5,0.25592041015625,0,0,0.0276616517454386,0,0.168128579998246,"",0,0,0,0
0,0.015533447265625,-0.25,0,-0.0801643371582031,0,-0.0535170815207741,"?",1,0,0,0
0,0.0117450271331622,0,0,0,0,0.0117450271331622,NA,0,0,1,0
0,0.0621603260869565,0,0,0.00439453125,0,0.0557419044384058,"",0,0,0,0
0,0.0316163897226715,0,0,-0.236358642578125,0,-0.0577086210442606,"",0,0,0,0
0,0.06640625,0,0,0,0,0.06640625,"",0,0,0,0
0,0.072021484375,0,0,0,0,0.072021484375,"",0,0,0,0
0,0.0638547956943512,0,0,0,0,0.0638547956943512,"?",1,0,0,0
0.5,0,0,0,0.0078125,0,0.00390625,"",0,0,0,0
0.5,0.13307586312294,0,0,0,0,0.13307586312294,"",0,0,0,0
-0.5,-0.177102565765381,0,0,0.0148518880208333,0,-0.0695360047476632,"",0,0,0,0
-0.5,-0.186813926696777,0,0,0.171875,0,-0.0843313762119838,"",0,0,0,0
0,0.08984375,0,0,-0.109375,0,0.0400390625,"!",2,0,0,1
1,0.0275,0,0,0.578125,0,0.119270833333333,"",0,0,0,0
0,0,0,0,0.001953125,0,0.0009765625,"?",1,0,0,0
0,-0.0078125,0,0,0,0,-0.00390625,"?",1,0,0,0
0,0.0208333333333333,0.125,0,-0.0227864583333333,0,0.0170200892857143,NA,0,0,1,0
0,-0.0311133861541748,0,0,0,0,-0.0248907089233398,"",0,0,0,0
-0.5,-0.0734953703703704,-0.5,0,0.125,0,-0.0942234848484848,"",0,0,0,0
0,-0.024132251739502,0,0,0.0009765625,0,-0.0157626469930013,"",0,0,0,0
0,0,0,0,0.109375,0,0.0364583333333333,"?",1,0,0,0
0,-0.0234375,0,0,0,0,-0.0234375,"",0,0,0,0
0,0,0,0,0,0,0,"",0,0,0,0
0,0.0279017899781269,0,0,0,0,0.0279017899781269,"?",1,0,0,0
0,-0.0001220703125,0,0,0.0048828125,0,0.0018798828125,"?",1,0,0,0
0,-0.0414845148722331,0,0,0.0758056640625,0,-0.00972957611083984,"",0,0,0,0
0,0.0114795918367347,0,0,-0.0268681844075521,0,-2.47410365513512e-05,"?",1,0,0,0
0.5,0.024321056547619,0,0,-0.1875,0,-0.0286342075892857,NA,0,0,1,0
0,0.04140625,0,0,0.172607421875,0,0.0632731119791667,"",0,0,0,0
1,0.425031389508929,0,0,-0.03125,0,0.272937593005952,"",0,0,0,0
0,0.0980631510416667,-0.0833333333333333,0,-0.0234375,0,0.0374837239583333,"",0,0,0,0
0,-0.0138753255208333,-0.125,0,0,0,-0.0267769949776786,"",0,1,1,0
0,-0.0624885559082031,0,0,0,0,-0.0624885559082031,"",0,0,0,0
0,0.00516183035714286,0,0,0,0,0.00516183035714286,"?",1,0,0,0
0,0.06640625,0,0,0,0,0.06640625,"",0,0,0,0
0,0.037261962890625,0,0,0.0537109375,0,0.0413742065429688,"",0,0,0,0
0,0,0,0,0.08203125,0,0.0615234375,"?",1,0,0,0
0,-0.0553131103515625,0,0,0,0,-0.0414848327636719,"",0,0,0,0
0,0.107779546507767,-0.354166666666667,0,0.0425558090209961,-0.03125,0.0102564485536681,"",0,0,0,0
0,0,0,0,0,0,0,"?",1,0,0,0
0,0.0416666666666667,0,0,0,0,0.0416666666666667,"",0,0,0,0
0,0.0638547956943512,0,0,0,0,0.0638547956943512,"?",1,0,0,0
0,0,0,0,0,0,0,"",0,0,0,0
0,-0.0416552225748698,0,0.09375,-0.0625,0,-0.0260359446207682,"",0,0,0,0
0,0.000508824984232567,-0.1875,0,0,0,-0.0746947050094605,"?",1,0,0,0
0,-0.000324242766769876,0,0,0.0608723958333333,0,0.0150019371138201,"?",1,0,1,0
0,0.2880859375,0,0,-0.000579833984375,0,0.143753051757812,"?",1,0,0,0
0,0,0,0,0,0,0,"?",1,0,0,0
0.5,0,0,0,-0.15625,0,-0.078125,"",0,0,0,0
0,0,0,0,0,0,0,"!",0,0,0,12
0,0,0,0,0,0,0,"?",1,0,0,0
0.5,0.13307586312294,0,0,0,0,0.13307586312294,"",0,0,0,0
0,0.0316163897226715,0,0,-0.236358642578125,0,-0.0577086210442606,"",0,0,0,0
0,-0.0001220703125,0,0,0.0048828125,0,0.0018798828125,"?",1,0,0,0
0,-0.0507726967334747,0,0,-0.0202932357788085,0,-0.0406128764152527,"?",2,0,0,0
0,0.128906264923444,0,0,-0.00813802083333333,0,0.0466796934693776,"?",2,0,0,0
0,0,0,0,0.0546875,0,0.02734375,"",0,0,0,0
0,-0.026849004957411,0,0,0.0634765625,0,-0.010426174510609,"?",1,1,0,0
-0.5,0,0,0,0,0,0,"",0,0,0,0
-0.5,0.00520833333333333,0.125,0,0.172607421875,-0.5,-0.0311279296875,"",0,0,0,0
0,-0.000324242766769876,0,0,0.0608723958333333,0,0.0150019371138201,"?",1,0,1,0
0,0.0638547956943512,0,0,0,0,0.0638547956943512,"?",1,0,0,0
-1,0.00847335088820684,0.625,0,0.0762186284280486,-0.75,0.0288107768048226,"",0,3,0,0
0,-0.0779883861541748,0,0,0,0,-0.0519922574361165,"",0,0,0,0
-0.5,-0.0591331845238095,-0.375,0,-0.0239454905192057,0,-0.0801635578700474,"",0,0,0,0
0,0.0357142857142857,0,0.125,0,0,0.0331632653061224,"",0,0,0,0
0,-0.025,0.123046875,0,0.021484375,0,0.00694444444444444,"?",1,0,0,0
0,0,0,0,-0.15625,0,-0.0520833333333333,"?",1,0,0,0
0,0.01953125,0,0,0.0770111083984375,0,0.042523193359375,"?",1,0,0,0
0,0,0,0,0,0,0,"",0,0,0,0
0,0,0,0,0.015625,0,0.00446428571428571,"?",1,0,0,0
0,0.00686931655945951,0,0,0.002197265625,0,0.0036266328737838,"",0,0,0,0
0,-0.0293798446655273,0,0,0.001953125,0,-0.0231132507324219,"",0,0,0,0
0,0.0190552949905395,-0.125,0,0,0,-0.0221033607210432,"?",1,0,0,0
0,-0.0195865631103516,0,0,-0.0199466049671173,0,-0.019676573574543,"",0,0,0,0
0,-0.0666666666666667,0,0,0,0,-0.0666666666666667,"",0,0,0,0
0,0,0,0,0.172363279387355,0,0.034472655877471,"",0,0,0,0
0,0.0638547956943512,0,0,0,0,0.0638547956943512,"?",1,0,0,0
0,-0.15625,0,0,0.0638239290565252,0,-0.0242056425660849,"",0,0,0,0
0,0.0625,0,0,0.0114746888478597,0,0.0193848133087158,"?",1,0,1,0
0,0.000162760416666667,0.236328125,0,0,0,0.0592041015625,"",0,0,0,0
0,0.00048828125,0,0,0,0,0.000325520833333333,"",0,0,0,0
0,0,0,0,0,0,0,"",0,0,0,0
-0.5,0.105326533317566,-0.25,0,0.0044136047363281,-0.5,-0.071601132551829,"?",1,0,0,0
0,-0.0833104451497395,0,0,0,0,-0.0833104451497395,"",0,0,0,0
0.5,0.13307586312294,0,0,0,0,0.13307586312294,"",0,0,0,0
0,0.0638547956943512,0,0,0,0,0.0638547956943512,"?",1,0,0,0
-1,-1,-0.545454545454545,0,0.03125,0,-0.504734848484849,"",0,0,0,0
0,-0.0622267723083496,0,0,0,0,-0.0311133861541748,"",0,0,0,0
0,-0.00390625,0.125,0,0,0,0.029296875,"",0,0,0,0
0,-0.0590220557318793,0,0,0,0,-0.050590333484468,"",0,0,0,0
0,0.0960286458333333,0,0,0,0,0.0960286458333333,"",0,0,0,0
0,-0.0130208333333333,0,0,0,0,-0.0130208333333333,"",0,0,0,0
-0.5,-0.0315999984741211,-0.25,0.25,-0.0756138392857143,-0.5,-0.0853134935552424,"?",1,0,0,0
0,-0.041015625,-0.0833333333333333,0,0,0,-0.0494791666666667,"",0,0,0,0
0.5,0.3125,0,0,-0.15625,0,0.15625,"",0,0,0,0
0,0.0034877232142857,-0.25,0,0.00390625,0,-0.0200385551948052,NA,1,0,1,0
0,0.125,0,0,0,0,0.125,"",0,0,0,0
0,-0.0391731262207031,0,0,0,0,-0.0293798446655273,"?",2,0,0,0
0,-0.058349609375,0,0,-0.0147705078125,0,-0.0438232421875,"",0,0,0,0
-0.5,-0.25,0,-0.375,0.232058258727193,0,-0.130980580424269,"",0,0,0,0
0,-0.015625,0,0,0.136985778808594,0,0.0606803894042968,"",0,0,0,0
-0.5,-0.0858968098958333,-0.25,0,-0.287109375,-0.5,-0.215799967447917,"",0,0,0,0
0,-0.026707649230957,0,0,0,0,-0.0207726160685221,"?",1,0,0,0
0,0,0,0,0.0110677083333333,0,0.00553385416666667,"",0,0,0,0
0,0.000325520833333333,0,0,-0.03125,0,-0.007568359375,"",0,0,0,0
0,0.171195652173913,0,0,0.05078125,0,0.119589479813665,NA,0,0,1,0
0,0,0,0,0,0,0,"",0,0,0,0
0,0.015625,0,0,0,0,0.015625,"",0,0,0,0
0,0.0234375,0.125,0,-0.57958984375,0,-0.0601399739583333,"",0,0,0,0
0,-0.333333333333333,0,0,-0.041229248046875,0,-0.138597276475694,"",0,0,0,0
0,0.0316163897226715,0,0,-0.236358642578125,0,-0.0577086210442606,"",0,0,0,0
0.5,0.0833333333333333,0,0.1953125,0.232058258727193,0,0.124742584303021,"?",1,0,0,0
0,0,0,0,0,0,0,"",0,0,0,0
0,0.0478515625,0,0,0,0,0.0478515625,"",0,0,0,0
0,0.00048828125,0,0,0,0,0.000325520833333333,"",0,0,0,0
0,-0.0208333333333333,0,0,-0.03125,0,-0.0234375,"",0,0,0,0
0,-0.043212890625,0,0,0,0,-0.043212890625,"?",1,0,0,0
0,0,0,0,-0.0145263671875,0,-0.0029052734375,"",0,0,0,0
0,0.0210775931484477,0,0,0,0,0.0126465558890686,"",0,0,0,0
0,-0.0157104265253565,0,0,0,0,-0.0130920221044638,"",0,0,0,0
0,-0.0703125,0,0,0.138671875,0,-0.000651041666666667,"?",1,0,0,0
0,-0.03125,0,0,0,0,-0.0208333333333333,"",0,0,0,0
0.5,0.13307586312294,0,0,0,0,0.13307586312294,"",0,0,0,0
0,0,0,0,0,0,0,"",0,2,0,0
0,-0.000324242766769876,0,0,0.0608723958333333,0,0.0150019371138201,"?",1,0,1,0
0,0.012109375,0,0,0.0348904927571615,0,0.0161260877336775,"?",1,0,0,0
0,0.0094788869222005,0.25,0,-0.09375,0,0.0151561101277669,"",0,0,0,0
0.5,0,0,0,0.232058258727193,0,0.116029129363596,"",0,0,0,0
0,-0.0139518735959428,0,0,-0.0234375,0,-0.0116634367979714,"",0,0,0,0
0,-0.0085957513915168,-0.0625,-0.625,0.0832984924316406,0.0753968253968254,-0.012051336146266,"",0,0,0,0
0,0.0638547956943512,0,0,0,0,0.0638547956943512,"?",1,0,0,0
0,-0.00445570264543805,0,0,0,0,-0.00445570264543805,"?",1,0,1,0
0,-0.166666666666667,0,-0.625,0,0,-0.28125,"",0,0,0,0
0,0.0423177083333333,0,0,0,0,0.0423177083333333,"",0,0,0,0
0,-0.00390625,0,0,0.0078125,0,0,"",0,0,0,0
-0.5,-0.0847098214285714,-0.375,0,-0.0202932357788085,-0.5,-0.14879284207783,"?",1,0,0,0
-0.5,0.105326533317566,-0.25,0,0.0044136047363281,-0.5,-0.071601132551829,"?",1,0,0,0
0,0,0,0,0,0,0,"",0,0,0,0
0,0,0,0,0,0,0,"",0,0,0,0
0,0.016845703125,0,0,-0.1875,0,-0.0203080610795455,"?",1,0,0,0
-0.5,-0.2,0,0,0,0,-0.1,"",0,0,0,0
0,0.0638547956943512,0,0,0,0,0.0638547956943512,"?",1,0,0,0
1,0,0,0,0.232058258727193,0,0.116029129363596,"",0,0,0,0
0,-0.0146330985589884,0,0,0,0,-0.0146330985589884,"?",1,0,0,0
0,0,0,0,-0.03125,0,-0.03125,"",0,0,0,0
-0.5,-0.333333333333333,0,0,0,0,-0.166666666666667,"",0,0,0,0
0,-0.06689453125,0,0,0.172607421875,0,-0.018994140625,"?",1,0,0,0
0.5,0.0732421875,0,0,-0.1875,0,0.02109375,"",0,0,0,0
0,0,0,0,0.0110677083333333,0,0.00553385416666667,"?",1,0,0,0
0,-0.0438097393701947,0.125,0,0.0152904391288757,0,-0.0128556972458249,NA,0,0,1,0
0,-0.0625,0,-0.625,0.172607421875,0.428571428571428,-0.0391173070790816,"",0,0,0,0
0,0.0638547956943512,0,0,0,0,0.0638547956943512,"?",1,0,0,0
0,0.0467354910714285,0,0,0,0.0833333333333333,0.0650344122023809,"",0,0,0,0
-0.5,0.0284366607666015,-0.5,0,-0.03125,0,-0.167604446411133,"",0,0,0,0
0,0.0251020951704545,0,-0.125,-0.0672607421875,0,-0.01214599609375,"?",1,1,0,0
0,0.0001220703125,0,0,0.0009765625,0,0.000348772321428571,"",0,0,0,0
0,0,0,0,0,0,0,"",0,0,0,0
0,0.0909016927083333,0,0,0.046960711479187,0,0.0799164474010468,"",0,0,0,0
0,0.000508824984232567,0,0,0,0,0.000508824984232567,"?",1,0,0,0
0,-0.0195865631103516,0,0,-0.0199466049671173,0,-0.019676573574543,"",0,0,0,0
0,0,-0.1875,0,0,0,-0.075,"?",1,0,0,0
0,0.001007080078125,0,0,-0.0388997395833333,0,-0.0140838623046875,"?",1,0,0,0
0,0.0249507188331336,0,0,0.125,0,0.0454321449241516,"?",1,0,0,0
0,-0.0321428571428571,0,-0.3125,-0.09375,0,-0.0943181818181818,"",0,2,1,0
0,-0.0458333333333333,0,0,0.015625,0,-0.0282738095238095,"",0,0,0,0
0,0,0,0,0,0,0,"",0,0,0,0
0.5,0.0535714285714285,0,0,-0.0391888618469238,0,0.0226513317653111,"",0,0,0,0
0,0.0638547956943512,0,0,0,0,0.0638547956943512,"?",1,0,0,0
0,-0.0625,0,-0.625,0,0,-0.203125,"",0,0,0,0
0.5,0,0,0,0.124755919933319,0,0.124755919933319,"",0,0,0,0
0,0.000381618738174425,0,0,0,0,0.000381618738174425,"",0,0,0,0
0,-0.0144922574361165,0,0,0.250244140625,0,0.0830930016257546,"",0,1,0,0
-0.5,7.32421875e-05,-0.333333333333333,0,0.0009765625,0,-0.0738163700810185,"",0,0,0,0
0,-0.0427054166793823,0,0,0,0,-0.0355878472328186,"?",1,0,0,0
0.5,0.434782608695652,0,0,0,0,0.434782608695652,"",0,0,0,0
0,9.5367431640625e-07,0,0,0.00439453125,0,0.0014654795328776,"",0,0,0,0
0,-0.031005859375,0,0,-0.0903129577636718,0,-0.0606594085693359,"",0,0,0,0
0,0.00408182541529337,0,0,0.0048828125,0,0.00428207218647002,"?",1,0,0,0
-1,-0.166666666666667,0,0,0,0,-0.166666666666667,"",0,0,0,0
0,0,0,0,0,0,0,"",0,0,0,0
-0.5,0,0,0,0,-0.5,-0.5,"",0,0,0,0
0,0,0,0,-0.25,0,-0.25,"",0,0,0,0
0.5,0,0,0,0,0,0,"",0,0,0,0
0,0,0,0,0.0634765625,0,0.0634765625,"",0,0,0,0
0,0,0.3125,0,0,0,0.078125,"",0,0,0,0
0,-0.0358154016236464,0,0,0,0,-0.0358154016236464,"?",1,0,0,0
-0.5,0,0,0,0,0,0,"",0,0,0,0
0,0,0,0,-0.0903129577636718,0,-0.0451564788818359,"",0,0,0,0
0,-0.0009765625,0,0,-0.1875,0,-0.047607421875,"",0,0,0,0
0,0,0,0,0,0,0,"",0,0,0,0
0,-0.015625,0,0,0,0,-0.015625,"",0,0,0,0
0,0.0638547956943512,0,0,0,0,0.0638547956943512,"?",1,0,0,0
0,-0.0157470703125,0.001953125,0.09375,0.001953125,0,0.00433349609375,"",0,0,0,0
0.5,0.434782608695652,0,0,0,0,0.434782608695652,"",0,0,0,0
0,0,0,0,0,0,0,"",0,0,0,0
0,-0.0076904296875,0,0,0,0,-0.005126953125,"!",0,0,0,1
0,-0.00621104240417481,0.28125,0,0.0237927387158076,0,0.036287478425286,"",0,1,0,0
0,0.00076323747634885,0,0,0,0,0.000381618738174425,"?",1,0,0,0
0,-0.0458333333333333,0,0,0.015625,0,-0.0282738095238095,"",0,0,0,0
0,0.0628816187381744,-0.1875,0,0.03790283203125,0,-0.00595848262310029,"?",1,0,0,0
0,-0.026707649230957,0,0,0,0,-0.0207726160685221,"",1,1,0,0
-0.5,-0.142766118049622,0,-0.0625,0.123401235168179,-0.5,-0.0993049267369012,"",1,1,0,0
0,0.0249507188331336,0,0,0.125,0,0.0454321449241516,"?",1,0,0,0
0,0,0,0,0.184895833333333,0,0.1109375,"",0,0,0,0
0,0,0,0,0,0,0,"?",1,0,0,0
0,0.022379676481781,0,0,0,0,0.0134278058890686,"?",1,0,0,0
0,-0.05419921875,0,0,0,0,-0.05419921875,"",0,0,0,0
0,-0.0208333333333333,0,0,0,0,-0.015625,"",0,0,0,0
0.5,0,0,0,0.125,0,0.125,"",0,0,0,0
0,-0.0076904296875,0,0,0,0,-0.005126953125,"",0,0,0,0
0,0.212890625,0,0,0.15625,0,0.1845703125,"",0,0,0,0
0,0.093414306640625,0,0.125,-0.03125,0,0.0701446533203125,"",0,0,0,0
0,-0.124453544616699,0,0,0,0,-0.0311133861541748,"",0,0,0,0
1,0,0,0,0,0,0,"",0,0,0,0
1,0.01513671875,0,0,0.1630859375,0,0.064453125,"",0,0,0,0
0.5,0,0,0,0,0,0,"",0,0,0,0
1,0,0,0,0,1,1,"",0,0,0,0
0.5,0,0,0,0.37890625,0,0.37890625,"",0,0,0,0
1,0,0,0,0,1,1,"",0,0,0,0
0.5,-0.0303001403808593,0,0,0.232058258727193,0,0.100879059173167,"",0,0,0,0
-0.5,0.434782608695652,0,0,0,-0.5,-0.0326086956521739,"",0,0,0,0
1,0,0,0,0.0847791293635964,0,0.0847791293635964,"",0,0,0,0
1,-0.1875,0,0,0,0,-0.1875,"",0,0,0,0
1,0,0,0,0,1,1,"",0,0,0,0
0.5,0,0,0,0,0,0,"",0,0,0,0
0,-0.15625,0,0,0,0,-0.0520833333333333,"",0,0,0,0
0.5,0,0,0,0,0.5,0.5,"",0,0,0,0
-0.5,0.0684523809523809,0,-0.625,0,0,-0.104910714285714,"",0,0,0,0
-0.5,0,0,0,0,-0.5,-0.5,"",0,0,0,0
-0.5,0,0,0,0,-0.25,-0.25,"",0,0,0,0
0.5,-0.0029296875,0,0,0,0.5,0.24853515625,"",0,0,0,0
0,-0.00274644580027989,0,0,0.1640625,0,0.0181046724247551,"",0,0,0,0
1,-0.4375,0,0,0,0,-0.21875,"",0,0,0,0
0.5,-0.0029296875,0,0,0,0.5,0.24853515625,"",0,0,0,0
0,0,0,0,0,0,0,"",0,0,0,0
1,0,0,0,0,1,1,"",0,0,0,0
1,0,0,0,0,0.815789473684211,0.815789473684211,"",0,0,0,0
0.5,0,0,0,0.232058258727193,0.2,0.144019419575731,"",0,0,0,0
0,0,0,0,0,-0.25,-0.125,"?",1,0,0,0
0,0.055954570211652,0,0,0,0,0.04662880850971,"",0,0,0,0
1,0,0,0,0,0.833333333333333,0.833333333333333,"",0,0,0,0
0,0,0,0,0.04296875,0,0.0286458333333333,"?",1,0,0,0
-0.5,-0.00390625,-0.166666666666667,-0.625,-0.015625,0,-0.138454861111111,"",0,0,0,0
0.5,0.00390625,0,0,-0.08203125,0.2,0.0314453125,"",0,0,0,0
0.5,0,0,0,0,0.25,0.25,"",0,0,0,0
0,-0.0623178482055664,0,0,0,0,-0.0623178482055664,"?",1,0,0,0
1,0,0,0,0,0.815789473684211,0.815789473684211,"",0,0,0,0
0.5,0.434782608695652,0,0,0,0,0.434782608695652,"",0,0,0,0
0,0,0,0,0,0,0,"",0,0,0,0
-0.5,0,0,0,0,-0.5,-0.5,"",0,0,0,0
0.5,0,0,0,0,0.5,0.5,"",0,0,0,0
0.5,-0.0182291666666667,0,0,0.25830078125,0,0.0739474826388889,"",0,0,0,0
0,-0.0277777777777778,0,0,0,0,-0.0277777777777778,"?",1,0,0,0
0,0,0,0,0,0,0,"",0,0,0,0
0,0,0,0,0,0,0,"",0,0,0,0
0.5,0.434782608695652,0,0,0,0,0.434782608695652,"",0,0,0,0
1,0,0,0,0,1,1,"",0,0,0,0
0,0,0,0,0,0,0,"",0,0,0,0
-0.5,0.166666666666667,0,0,-0.228515625,0,-0.0309244791666667,"",0,0,0,0
0,0,0,0,0,0,0,"",0,0,0,0
0,0.0730988184611003,0,0,0,0,0.0548241138458252,"",0,0,0,0
-0.5,-0.45703125,0,0,0,0,-0.45703125,"",0,0,0,0
0,0.0001220703125,0,-0.015625,0.0604095458984375,0,0.021087646484375,"",0,0,0,0
1,0,0,0,0,0.1,0.05,"!",0,0,0,3
1,0,0,0,0,1,1,"",0,0,0,0
1,0,0,0,0,0.815789473684211,0.815789473684211,"",0,0,0,0
-0.5,0.00195938349133935,0,0,-0.25,-0.5,-0.199216246603464,"?",1,0,0,0
0,0,0,0,0,0,0,"",0,0,0,0
0,0,0,0,0,0,0,"",0,0,0,0
0.5,0.257812529846888,0,0,0.0537109375,0.5,0.270507822448963,"",0,0,0,0
0,0.0078125,0,0,-0.0023841857910156,0.2,0.0442106628417969,"",0,0,0,0
0.5,0.434782608695652,0,0,0,0,0.434782608695652,"",0,0,0,0
0.5,0,0,0,0,0,0,"",0,0,0,0
0,0.0165405277564585,0,0,0.0863443264011054,0.166666666666667,0.0490351396989074,"",0,0,0,0
-0.5,0.0001220703125,-0.5,0,0,-0.375,-0.312469482421875,"",0,0,0,0
0,0,0,0,-0.001953125,0,-0.000651041666666667,"?",5,0,0,0
0,0,-0.1875,0,0.0074462890625,0,-0.045013427734375,"!",0,0,0,1
0,0,0,0,0,0,0,"",0,0,0,0
-0.5,0.00048828125,0,0,-0.0181350708007812,-0.0625,-0.0195587158203125,NA,0,0,1,0
0,-0.0078125,-0.0823567708333333,0,0,0,-0.0326605902777778,"",0,0,0,0
0,0,0,0,0,0,0,"",0,0,0,0
0.5,0.125,0,0,0,0,0.125,"",0,0,0,0
0.5,0.170516304347826,0,0,0.0239673362423976,0,0.082586923484569,NA,0,0,1,0
0,-0.03125,0,0,0,0,-0.0208333333333333,"?",1,0,0,0
0.5,0.5,0,0,0,0,0.5,"",0,0,0,0
0.5,0.5,0,0,0,0,0.5,"",0,0,0,0
0,0,0,0,0,0,0,"",0,0,0,0
0.5,0.5,0,0,0,0,0.5,"",0,0,0,0
0,0,0,0,0,0,0,"!",0,0,0,4
0.5,0.0347222222222222,0,0,-0.0625,0,0.0104166666666667,"",0,0,0,0
0,0,0,0,-0.001953125,0,-0.0009765625,"?",1,0,0,0
0,0,0,0,0,0.333333333333333,0.166666666666667,"",0,0,0,0
0,0,0,0,0,0,0,"",0,0,0,0
0,0,0,0,0,0.1,0.1,"",0,0,0,0
0,0,0,0,0,0,0,"",0,0,0,0
0,-0.00662765484594276,0,0,0,0,-0.0055230457049523,"",0,1,0,0
0.5,0,0,0,0,0.333333333333333,0.166666666666667,"",0,0,0,0
0,0,0,0,0,0,0,"",0,0,0,0
1,0,0,0,0,1,1,"",0,0,0,0
0.5,0.0833333333333333,0,0,0,0.333333333333333,0.166666666666667,"",0,0,0,0
0,-0.0625,0,0,0,0,-0.0625,"",0,0,0,0
-0.5,-0.233829498291016,0,0,-0.0207871335333038,-0.75,-0.213336732863657,"",0,0,0,0
0.5,0,0,0,0,0.5,0.5,"",0,0,0,0
0,-0.0416666666666667,0,0,-0.03125,0,-0.0390625,"",0,0,0,0
1,0.31072998046875,0,0,0,0,0.31072998046875,"",0,0,0,0
0.5,0,0,0,0,0.5,0.5,"",0,0,0,0
0,0,0,0,0,0,0,"",0,0,0,0
1,0,0,0,0.75,-0.0625,0.34375,"",0,0,0,0
0,0,0,0,-0.0428061388644559,-0.125,-0.0630697360988946,"",0,0,0,0
0.5,0.5,0,0,0,0,0.5,"",0,0,0,0
1,0,0,0,0,1,1,"",0,0,0,0
1,0.5,0,0,0.550628662109375,0.815789473684211,0.591604533948396,"",0,0,0,0
0.5,0,0,0,0,0.5,0.166666666666667,"",0,0,0,0
1,0,0,0,0,1,1,"",0,0,0,0
1,0,0,0,0,1,1,"",0,0,0,0
1,0,0,0,0,0.815789473684211,0.815789473684211,"",0,0,0,0
0,0.00390625,0,0,0,0.141666666666667,0.0718098958333333,"",0,0,0,0
0.5,0,0,0,0,0.5,0.5,"",0,0,0,0
0,-0.0624715496472466,0,0,0,0,-0.0624715496472466,"",0,0,0,0
-0.5,-0.5,0,0,0,0,-0.5,"",0,0,0,0
-0.5,-0.0833333333333333,0,0,0,-0.5,-0.361111111111111,"",0,0,0,0
1,-0.0030924479166667,0,0,0.228394419575731,0,0.135799672578772,"!",0,0,0,1
0.5,0.434782608695652,0,0,0,0,0.434782608695652,"",0,0,0,0
0,0,0,0,0,0,0,"",0,0,0,0
-0.5,0.015625,0,0,0.1376953125,-0.5,-0.038671875,"",0,0,0,0
0.5,0.0001220703125,0,0,0.267578125,0,0.178426106770833,"",0,0,0,0
0,0.1875,0,0,0,0,0.1875,"",0,0,0,0
1,0,0,-0.625,0,1,0.09375,"",0,0,0,0
0.5,-0.047770110777598,0,0,0.0546875,0.815789473684211,0.0857892399745275,"",0,0,0,0
0,-0.0625,0,0,0,0,-0.0625,"",0,0,0,0
0,-0.02734375,0,0,0.015625,0,-0.0078125,"",0,1,0,0
0,0,0,0,-0.29296875,-0.0625,-0.177734375,"",0,0,0,0
1,0,0,0,0,1,1,"",0,0,0,0
-0.5,0,0,0,-0.125,-0.5,-0.3125,"",0,0,0,0
0,0,0,0,0,0,0,"",0,0,0,0
-0.5,0,0,0,0,-0.5,-0.5,"",0,0,0,0
1,0.75,0,0,0.0156230926513672,0,0.260415395100911,"",0,0,0,0
0,0,0,0,-0.0625,0,-0.0625,"",0,0,0,0
0.5,0,0,0,0,0.5,0.25,"",0,0,0,0
0.5,0,0,0,0,0.5,0.5,"",0,0,0,0
0.5,0,0,0,0,0.5,0.25,"",0,0,0,0
0,0,0,0,0,0,0,"",0,0,0,0
0,0.002532958984375,-0.166666666666667,0,0.1728515625,0,0.0236460367838542,"",0,0,0,0
1,0,0,0,0,1,1,"",0,0,0,0
1,0,0,0,0,0.815789473684211,0.815789473684211,"",0,0,0,0
0,0.0009765625,0,0,-0.1484375,0,-0.07373046875,"",0,0,0,0
0.5,0,0,0,0,0.5,0.5,"",0,0,0,0
0,0,-0.166666666666667,0,0,0,-0.0555555555555555,"",0,0,0,0
-0.5,0,0,0,-0.0625,0,-0.0625,"",0,0,0,0
-0.5,-0.1891753938463,0,0.1953125,-0.0267798542976379,-0.5,-0.102761390805244,"",0,1,0,0
0.5,0,0,0,0,0.5,0.25,"",0,0,0,0
0.5,0.00390625,0,0,0,0.141666666666667,0.0718098958333333,"",0,0,0,0
0.5,-0.0693359375,0,0,-0.09375,0,-0.0774739583333333,"",0,0,0,0
0.5,0,0,0,0,0.5,0.5,"",0,0,0,0
0,0,0,0,0,0,0,"",0,0,0,0
-1,0,-0.375,0,0,0,-0.1875,"",0,0,0,0
0,0,0,0,0,0,0,"?",1,0,0,0
0.5,0.14582370923913,0,0,0.0640869135968387,0.2,0.118546620058301,"",0,1,0,0
1,-0.0195719401041667,0,-0.0625,0.150208816863596,0,0.0133873325669103,"",0,0,0,0
0.5,0.0030517578125,-0.0833333333333333,0,0.136985778808594,0.5,0.111951192220052,"",0,0,0,0
0.5,-0.03076171875,0,0,0.2734375,0.428571428571428,0.182784598214286,"",0,0,0,0
0.5,0,0,0,0.232058258727193,0,0.116029129363596,"",0,0,0,0
0.5,0,0,0,0,0.5,0.25,"",0,0,0,0
1,0,0,0,0.068359375,0.625,0.231119791666667,"",0,0,0,0
0.5,0,0,0,-0.171875,0,-0.0572916666666667,"",0,0,0,0
1,0,0,0,-0.0777587601842242,0.625,0.273620619907888,"!",0,0,0,16
0,0.00390625,0,0,0,0.141666666666667,0.0718098958333333,"",0,0,0,0
0,0,0,0,0,0,0,"",0,0,0,0
0.5,-0.0029296875,0,0,0,0,-0.0029296875,"",0,0,0,0
0,0,0,0,0,0,0,"?",1,0,0,0
0,0,0,0,0.276274979114532,0,0.110509991645813,"",0,0,0,0
0,0.0948810581976431,-0.166666666666667,-0.625,0,0,-0.10031742504523,"",0,0,0,0
0.5,0,0,0,-0.171875,0.428571428571428,0.0855654761904762,"",0,0,0,0
0.5,0.015625,0,0,0,0,0.015625,"",0,0,0,0
0.5,0,0,0,0.232058258727193,0.5125,0.419019419575731,"",0,0,0,0
0.5,0,0,0,0,0.666666666666667,0.333333333333333,"?",1,0,0,0
0.5,0,0,0,-0.1328125,0.297619047619048,0.065922619047619,NA,0,0,1,0
-0.5,-0.0047607421875,-0.333333333333333,0,-0.0023841857910156,0,-0.113095389472114,"",0,0,0,0
0.5,0,0,0,0,0.5,0.5,"",0,0,0,0
0.5,0,0,0,0.05078125,0,0.0126953125,"",0,0,0,0
0.5,0,0,0,0.106895446777344,0.5,0.303447723388672,"",0,0,0,0
0,0,0,0,0,0,0,"",0,1,0,0
-0.5,-0.0654296875,-0.5,0,-0.03125,0.141666666666667,-0.0572135416666667,"",0,0,0,0
0,-0.0625,0,0,0,0,-0.0625,"",0,0,0,0
1,0,0,0,0,1,1,"",0,0,0,0
1,0.4375,1,0,0,0,0.625,"",0,0,0,0
0,0,0,0,0,0.3125,0.3125,"",0,0,0,0
0.5,0,0,0,-0.171875,0.5625,0.23828125,"",0,0,0,0
1,0,0,0,0.233216629363596,0,0.155477752909064,"",0,0,0,0
0.5,0,0,0,0.217201171875,0,0.1086005859375,"",0,0,0,0
-0.5,0.0324708223151144,0,0,0,-0.0888888888888889,-0.0160730621664869,NA,0,0,1,0
0.5,0,0,0,0.232058258727193,0,0.116029129363596,"",0,0,0,0
0,0,0,0,0,0,0,"",0,0,0,0
0.5,0,0,0,0.2734375,0,0.182291666666667,"",0,0,0,0
1,-0.0209147135416667,0,0,0.068359375,0,0.00140380859375,"",0,0,0,0
0,0,0,0,0,0,0,"?",1,0,0,0
1,0,0,0.1953125,0.232058258727193,0.428571428571428,0.262813671824655,"",0,0,0,0
-0.5,0,-0.545454545454545,0,0,-0.166666666666667,-0.356060606060606,"",0,0,0,0
-0.5,0,0,0.390625,0.0419921875,0,0.144205729166667,"",0,0,0,0
0.5,0,0,0,0.106895446777344,0,0.106895446777344,"",0,0,0,0
1,0,0,0,0.5,0.625,0.5625,"",0,0,0,0
0.5,0.75,0.5,0,0,0,0.625,"",0,0,0,0
-0.5,0,0,0,0,-0.5,-0.5,"",0,0,0,0
0.5,-0.000244140625,0,0,0.232058258727193,0.5,0.243938039367398,"",0,0,0,0
1,0.3714599609375,0,0,-0.03125,0.625,0.33416748046875,"",0,0,0,0
0.5,0,0,0,0.106895446777344,0,0.106895446777344,"",0,0,0,0
1,0,0,0,0.165894419575731,0,0.124420814681798,"",0,0,0,0
0.5,-0.0029296875,0,0,0.232058258727193,0.5,0.345825714245439,"",0,0,0,0
0.5,0,0,0,0,0,0,"",0,0,0,0
0.5,-0.06640625,0,0,0,0.1,0.0111979166666667,"",0,0,0,0
1,0.101806640625,0,0,-0.03125,0.625,0.149861653645833,NA,0,0,1,0
0.5,0.217391304347826,0.5,0,0.001953125,0.5,0.28734714673913,"",0,0,0,0
1,0,0,0,0.232058258727193,0.4,0.158014564681798,"",0,0,0,0
0.5,0,0,0,0,0,0,"",0,0,0,0
0.5,0,0,0,0.5,0.625,0.5625,"",0,0,0,0
1,0.3714599609375,0,0,0,0,0.3714599609375,"",0,0,0,0
0.5,-0.02685546875,0,-0.3125,0.072265625,0.526785714285714,0.0326700015943877,NA,0,0,2,0
0.5,0,0,0,0,0.5,0.5,"",0,0,0,0
0.5,0,0,0,0,0.5,0.5,"",0,0,0,0
0.5,0,0,0,0.237646484375,0,0.198038736979167,NA,0,0,2,0
0.5,0,0,0,0,0.5,0.5,"",0,0,0,0
0,0,0,0,0,0,0,"",0,0,0,0
1,0.01611328125,0,0,0.550628662109375,0.5625,0.341571044921875,"",0,0,0,0
0.5,-0.03125,0,-0.0625,-0.24114990234375,0,-0.0915374755859375,"",0,0,0,0
0.5,-0.00599288940429685,0,0,0.1728515625,0,0.0834293365478516,"",0,0,0,0
0.5,0,0,0,0.113525390625,0,0.113525390625,"",0,0,0,0
0.5,0,0,0,0.171875,0,0.171875,"",0,0,0,0
0.5,0,0,0,0.106895446777344,0,0.0534477233886718,"",0,0,0,0
0.5,0,0,0,0,0.625,0.3125,"",0,0,0,0
-0.5,0,0,0,0,0.625,0.15625,"",0,0,0,0
1,0,0,0,0.138671875,0.625,0.3818359375,"",0,0,0,0
0.5,0,0,0,0,0.666666666666667,0.666666666666667,"",0,0,0,0
0,-0.00599288940429685,0,0,0.0568224589029948,0,0.0411186218261719,"",0,0,0,0
0,0,0,0,0.217201171875,0,0.1086005859375,"",0,0,0,0
-0.5,0.0137401819229126,0,0,0.00530242919921875,-0.5,-0.0732894738515218,"?",1,0,0,0
0.5,0,0,0,0,0,0,"",0,0,0,0
0.5,0,0,0,0,0.5,0.5,"",0,0,0,0
0.5,0,0.5,0,0,0.5,0.25,"",0,0,0,0
-0.5,0,-0.545454545454545,0,0,0,-0.181818181818182,"",0,0,0,0
0.5,0,0,0,0.106895446777344,0,0.106895446777344,"",0,0,0,0
-0.5,0.125,0,0,-0.0625,0,0.03125,"",0,0,0,0
0.5,-0.0182291666666667,0,0,0,0,-0.0182291666666667,"",0,0,0,0
0.5,-0.0390625,0,0,-0.02288818359375,-0.0625,-0.0372802734375,"",0,0,0,0
0,0,0,0,0.016261339187622,-0.166666666666667,-0.0335359970728556,"",0,0,0,0
0,0,0,0,0.0162645056843757,0,0.0162645056843757,"?",1,0,0,0
0,0,0,0,0,0,0,"",0,0,0,0
0.5,0,0,0,0,0.5,0.5,"",0,0,0,0
0,0,0,0,0,-0.0833333333333333,-0.0555555555555555,"",0,0,0,0
0.5,-0.015625,0,0,0,0,-0.015625,"",0,0,0,0
-0.5,-0.5,0,0.390625,0.0296483259330715,0,-0.0125195870334642,"",0,0,0,0
0.5,-0.04296875,0,0,-0.0023841857910156,0.5,0.102919578552246,"",0,0,0,0
0,0.000508824984232567,0,0,0,0,0.000508824984232567,"",0,0,0,0
0.5,0,0,0,0,0.5,0.5,"",0,0,0,0
0,0,0,0,0,0,0,"",0,0,0,0
0,0.00274734515405724,0,0,0,0,0.00152630286336513,"",0,1,2,0
0.5,0.217391304347826,0,0,-0.25,0,0.0615942028985507,"",0,0,0,0
-0.5,0,-0.397727272727273,0,0,0,-0.198863636363636,"",0,0,0,0
0,-0.02734375,0,0,0.015625,0,-0.0078125,"",0,1,0,0
-0.5,0.0852864583333333,0.0625,0,0,0,0.0776909722222222,"",0,0,0,0
0.5,-0.0190972222222222,0,0,0.125,0.25,0.0635416666666667,"",0,0,0,0
0.5,0,0,0,0,0,0,"",0,0,0,0
0.5,0.01171875,0,0,0,0,0.01171875,"",0,0,0,0
0,0.0944366455078125,-0.125,0,-0.00624128182729087,0,0.0109022736549378,"",0,0,0,0
-0.5,0.0482904343377976,0,0,-0.0240335464477539,0,0.00696244531748246,"",0,0,0,0
-0.5,-0.5,-0.5,0,0,0,-0.5,"",0,0,0,0
-0.5,-0.5,-0.397727272727273,0,0,0,-0.431818181818182,"",0,0,0,0
0,0,0,0,0,0,0,"",0,0,0,0
0,0,0,0,-0.0016021728515625,0,-0.001068115234375,"",0,0,0,0
0,-0.0103739911375366,0,0,0,0,-0.00691599409169106,"",0,6,0,0
0.5,0.0714285714285714,0,0,0.0045166015625,0,0.0491245814732143,"",0,0,0,0
-0.5,0,0,0,0.171875,-0.5,-0.0390625,"",0,0,0,0
0,0,0,0,0,0,0,"",0,0,0,0
0,0,0,0,0,0,0,"",0,0,0,0
-0.5,-0.222222222222222,-0.5,0,0,0,-0.361111111111111,"",0,0,0,0
0,0,0,0,0,0,0,"",0,0,0,0
-0.5,0,-0.545454545454545,0,0,0,-0.545454545454545,"",0,0,0,0
0,0,0,0,-0.0016021728515625,0,-0.00080108642578125,"",0,0,0,0
-0.5,-0.104166666666667,-0.5,0,0,0.815789473684211,0.000657894736842102,"",0,0,0,0
0.5,0.0729166666666667,0,0,-0.0247395833333333,0,0.036328125,"",0,2,0,0
0.5,0.5,0,0,0,0,0.5,"",0,0,0,0
-0.5,-0.222222222222222,0,0,-0.4375,0,-0.329861111111111,"",0,2,0,0
0,-0.0087890625,0,0,0,0,-0.0087890625,"",0,0,0,0
-0.5,-0.222222222222222,-0.5,0,0,0,-0.361111111111111,"",0,0,0,0
0.5,0.5,0,0,0,0,0.5,"",0,0,0,0
-0.5,0.212160228781386,-0.333333333333333,0,0.172607421875,-0.5,-0.112141420669237,"",0,0,0,0
0.5,0,0,0,0,0.4,0.4,"",0,0,0,0
0,0,0,0,0,0,0,"",0,0,0,0
0.5,0.5,0,0,0,0,0.5,"",0,0,0,0
0,0,0,0,0,0,0,"",0,0,0,0
1,0,0,0,0,0.815789473684211,0.815789473684211,"",0,0,0,0
0.5,0.434782608695652,0,0,0,0,0.434782608695652,"",0,0,0,0
1,0,0,0,0,0.815789473684211,0.815789473684211,"",0,0,0,0
0,0.0123301143906929,0,0,0,0,0.0123301143906929,"?",3,0,0,0
1,0,0,0,0,1,1,"",0,0,0,0
0.5,0,0,0,0,0.5,0.5,"",0,0,0,0
-0.5,-0.113376193576389,0,0,0.001953125,-0.277777777777778,-0.123190646701389,"",0,0,0,0
0,-0.0833333333333333,0,0,0,0,-0.0833333333333333,"",0,0,0,0
0,0,0,0,0,0.815789473684211,0.815789473684211,"",0,0,0,0
0,0,0,0,0,-0.25,-0.25,"",0,0,0,0
1,0,0,0,0,1,1,"",0,0,0,0
0.5,0,0,0,-0.0145263671875,0,-0.00726318359375,"!",0,0,0,2
0,0.25,0,0,-0.625,0,-0.0416666666666667,"",0,0,0,0
0,-0.03125,0,0,-0.1484375,0,-0.0421875,"",0,0,0,0
-0.5,-0.0688657407407407,-0.545454545454545,0,-0.30712890625,0,-0.211836134785354,"",0,0,0,0
0.5,0.25,0,0,0.046960711479187,0.833333333333333,0.34507351120313,"",0,0,0,0
-0.5,-0.5,-0.5,0,0,0,-0.5,"",0,0,0,0
-0.5,-0.25,0,0,-0.625,0,-0.375,"",0,0,0,0
0.5,0.434782608695652,0,0,0,0,0.434782608695652,"",0,0,0,0
0.5,-0.0093994140625,0.5,0,0.0214143991470337,0.5,0.0839872260888418,NA,0,0,1,0
0,0,0,0,0,0.2,0.2,"",0,0,0,0
1,-0.03125,0,0,0,1,0.484375,"",0,0,0,0
0,0.02734375,0,0,-0.107093811035156,0,-0.0398750305175781,"?",1,0,0,0
1,0,0,0,0.08477783203125,0,0.042388916015625,"!",0,0,0,3
0,0,0,0,-0.625,0,-0.208333333333333,"",0,0,0,0
-0.5,0,-0.333333333333333,0,0,-0.5,-0.166666666666667,"?",2,0,0,0
-0.5,-0.0922526041666667,0,0,0.0214461326599121,-0.5,-0.112836029794481,"",0,0,0,0
0.5,0,0,-0.625,0.046960711479187,0.657894736842105,0.184437546290849,"",0,0,0,0
0,0.0390625,0,0,0,0,0.0390625,"?",3,0,0,0
0,0.001953125,0,0,0.2734375,0,0.0924479166666667,"",0,0,0,0
0,0.0390625,0,0,0,0,0.0390625,"?",1,0,0,0
0.5,0.0768002717391304,0,0,0,0,0.0768002717391304,"",0,0,0,0
0,0,0,0,-0.625,0,-0.208333333333333,"",0,0,0,0
1,0,0,0,0,1,1,"",0,0,0,0
0,0.0625,-0.015625,0,0,0,0.0234375,"",0,0,0,0
0,-0.03125,0,0,-0.03125,0,-0.0104166666666667,"",0,0,0,0
-0.5,0.0094788869222005,0,0.375,0.07568359375,0,0.0900696345738002,"",0,0,0,0
0,-0.0124931335449219,0,0,0.105511605739594,0,0.021222506250654,"",0,0,0,0
0.5,0,0,0,0,0.5,0.5,"",0,0,0,0
0,0.25,0,0,0,0,0.25,"",0,0,0,0
0.5,0.01171875,0,0,0.068359375,0,0.0400390625,"",0,0,0,0
0.5,0.180717136548913,0,0,0.140706420580546,0,0.163569686848184,"",0,0,0,0
-0.5,-0.0863715277777778,0,-0.265625,0.109855324029922,0,-0.0389936985792937,"",0,0,0,0
0,0,0,0,0.0625,0,0.0208333333333333,"",0,0,0,0
1,0.434782608695652,0,0,0,0,0.434782608695652,"",0,0,0,0
0,0,0,0,-0.625,0,-0.15625,"",0,0,0,0
0.5,0,0,0,-0.0023841857910156,0.5,0.332538604736328,"",0,0,0,0
-0.5,0,-0.545454545454545,0,0,0,-0.545454545454545,"",0,0,0,0
0.5,0,0,0,0.106895446777344,0,0.106895446777344,"",0,0,0,0
-0.5,-0.16424560546875,-0.375,0,-0.078125,-0.5,-0.240976969401042,"",0,0,0,0
1,0,0,0,0,0.815789473684211,0.815789473684211,"",0,0,0,0
0.5,0,0,0,0.106895446777344,0,0.106895446777344,"",0,0,0,0
0,0.0240885416666667,0,0,0,0,0.01806640625,"?",1,0,0,0
-0.5,0,0,0,-0.25,0,-0.25,"",0,0,0,0
1,0,0,0,0,1,1,"",0,0,0,0
0.5,0,0,0,0,0.5,0.5,"",0,0,0,0
-0.5,0,0,0,0,-0.5,-0.5,"",0,0,0,0
0,0,0,0,0,0,0,"",0,0,0,0
0.5,0,0,0,0,0.4,0.4,"",0,0,0,0
0.5,0,0,0,-0.0145263671875,0,-0.0145263671875,"",0,0,0,0
0.5,0,0,0,0,0.5,0.5,"",0,0,0,0
0,-0.0625,0,0,0,0,-0.0625,"",0,0,0,0
-0.5,-0.074309199819254,-0.125,0,0,0,-0.0844473598554032,"?",1,0,0,0
-0.5,-0.104242748225968,-0.431818181818182,0,0,-0.170138888888889,-0.230527227460532,"",0,1,1,0
0.5,0,0,0,0.0045166015625,0,0.0045166015625,"",0,0,0,0
0,0,0,0,0,0,0,"",0,0,0,0
0,0,0,0,-0.25,0,-0.25,"",0,0,0,0
0.5,0,0,0,0.106895446777344,0,0.106895446777344,"",0,0,0,0
0,-0.0623178482055664,-0.166666666666667,0,-0.03125,0.2,-0.030811701880561,"",0,0,0,0
0.5,0,0,0,0.0045166015625,0,0.00150553385416667,"",0,0,0,0
0,0,0,0,0,0,0,"",0,0,0,0
0.5,0,0,0,0,0.5,0.25,"",0,1,0,0
0,-0.0625,0,0,0,0,-0.0625,"",0,0,0,0
0.5,-0.0286458333333333,0,0,-0.0023841857910156,0,-0.0220804214477539,"",0,0,0,0
0.5,0,0,0,0.0045166015625,0,0.0045166015625,"",0,0,0,0
-0.5,-0.0636370623553241,-0.0625,0,-0.31903076171875,0,-0.109762172506313,"",0,0,0,0
-0.5,-0.074462890625,0,-0.0625,0,0,-0.0720703125,"",0,0,0,0
0.5,0,0,0,-0.122453571289952,0.5,0.051018571484019,"",0,0,0,0
1,0.03125,0,0,0,0,0.0208333333333333,"",0,0,0,0
0,0,0,0,0,0,0,"?",2,0,0,0
0,0,0,0,0.0693359375,0,0.027734375,"",0,0,0,0
0,0,0,0,0.001953125,0.5,0.2509765625,"",0,0,0,0
0,-0.0208333333333333,0,0,-0.05859375,0,-0.0299479166666667,"",0,0,0,0
0.5,0,0,-0.625,-0.48980712890625,0.2,-0.304935709635417,"",0,0,0,0
-0.5,-0.222222222222222,-0.545454545454545,0,0,0,-0.383838383838384,"",0,0,0,0
-0.5,0,0,0,-0.26171875,0,-0.26171875,"",0,0,0,0
1,0,0,0,0.0386021931966146,1,0.278951644897461,"",0,0,0,0
0,0,0,0,0,0,0,"",0,0,0,0
0.5,0,0,0,0.0045166015625,0.35,0.176129150390625,"",0,0,0,0
0.5,0,0,0,0,0,0,"",0,3,0,0
0.5,0,0,0,0,0.5,0.5,"",0,0,0,0
0,0,0,0,0,0,0,"",0,0,0,0
-0.5,-0.009765625,0,0,0,0,-0.009765625,"",0,0,0,0
0,-0.062469482421875,0,0,-0.188294728597005,0,-0.116394587925502,"",0,0,0,0
0,-0.222222222222222,-0.375,0,0.0045166015625,0.0666666666666667,-0.0654509367766204,NA,0,0,1,0
1,0.3719482421875,0,0,-0.03125,0,0.237548828125,"",0,0,0,0
0,0.0136713981628418,0,0,0,0,0.0136713981628418,"",0,0,0,0
0.5,0.125,0,0,-0.0217812620358017,0,0.0883046844910496,"",0,0,0,0
0,-0.111111111111111,0,0,0.03125,0,-0.0636574074074074,"",0,0,0,0
0,0,0,0,0.03125,0,0.0104166666666667,"",0,0,0,0
-0.5,-0.5,0,0,0,0,-0.5,"",0,0,0,0
0.5,-0.222222222222222,0,0,0.5,0,0.138888888888889,"!",0,0,0,2
0,0,0,0,0,0.25,0.25,"",0,0,0,0
1,0,0,0,0,1,1,"",0,0,0,0
-0.5,0,0,0,-0.0625,0,-0.0625,"",0,0,0,0
-0.5,0,0,0,-0.1171875,0,-0.1171875,"",0,0,0,0
0.5,0.00390625,0,0,0,0.141666666666667,0.0718098958333333,"",0,0,0,0
0,-0.0798611111111111,0,0,0.005859375,0,-0.0384657118055556,"",0,0,0,0
0,0,0,0,0,0,0,"",0,0,0,0
0.5,0,0,0,0.00225830078125,0,0.001129150390625,"",0,0,0,0
-0.5,-0.0849197705586751,0,0.25,0,0,0.0267201529608833,"",0,0,0,0
0,0,0,0,0,0,0,"",0,0,0,0
0,0,0,0,0,0.25,0.25,"",0,0,0,0
0.5,0.387858072916667,0,0,0,0,0.387858072916667,"",0,0,0,0
0,0,0,-0.1875,0.0546875,0,-0.06640625,"",0,0,0,0
0,-0.111111111111111,0,0,0.03125,0,-0.0636574074074074,"",0,0,0,0
-0.5,0,0,0,-0.26171875,0,-0.130859375,"",0,0,0,0
0.5,0.0714285714285714,0,0,0.0045166015625,0,0.0491245814732143,"",0,0,0,0
0,0,0,0,-0.0625,0,-0.0625,"",0,0,0,0
-0.5,0,0,0,0,0,0,"?",3,0,0,0
-0.5,0.257812529846888,0,0,0,-0.5,-0.080729156717704,"",0,0,0,0
-0.5,-0.222222222222222,0,0,0,0,-0.111111111111111,"",0,0,0,0
1,0.05,0,0,-0.000579833984375,1,0.419884033203125,"",0,0,0,0
0.5,0.434782608695652,0,0,0,0,0.434782608695652,"",0,0,0,0
0,0.0137367257702862,0,0,0.0195655822753906,0.5,0.138216972580267,"?",1,0,0,0
0.5,-0.111111111111111,0,0,0.03125,0,-0.0636574074074074,"",0,0,0,0
-1,-0.112499284744263,0,0.125,-0.015625,-1,-0.163194047080146,"?",1,0,0,0
-0.5,0.0960286458333333,0,0,-0.03125,-0.170138888888889,-0.0139069733796296,"",0,0,0,0
0,-0.25,0,0,-0.09375,0,-0.171875,"",0,0,0,0
0.5,0,0,0,0,0,0,"",0,0,0,0
-0.5,-0.222222222222222,0,0,0,-0.5,-0.361111111111111,"",0,0,0,0
-1,-0.25,0,0,0,0,-0.25,"",0,0,0,0
0,0,0,0,-0.0079345703125,0,-0.00264485677083333,"",0,0,0,0
-0.5,0,-0.5,0,0.001953125,-0.25,-0.18701171875,"",0,0,0,0
-0.5,-0.222222222222222,-0.545454545454545,0,0,0,-0.383838383838384,"",0,0,0,0
0,-0.108572823660714,0,0,0,0,-0.0868582589285714,"",0,0,0,0
0,-0.0208333333333333,0,0,-0.05859375,0,-0.0299479166666667,"",0,0,0,0
-1,-0.112499284744263,0,0.125,-0.015625,-1,-0.163194047080146,"?",1,0,0,0
0,0,0,0,-0.0625,0,-0.0104166666666667,"",0,0,0,0
0,0.00274734515405724,0,0,0,0,0.00152630286336513,"",0,1,2,0
0.5,0.03125,0,0,0,0.5,0.265625,"",0,0,0,0
0,-0.104166666666667,0,0,0,0,-0.078125,"",0,0,0,0
-0.5,0.14404296875,0,0,-0.03125,0.0199074074074074,0.052759693287037,"",0,0,0,0
0,0.0030517578125,0,0.09375,0,0,0.02496337890625,"?",1,0,0,0
-0.5,-0.0280827527863948,0,-0.625,0.0234375,0,-0.105996609133139,"",0,0,0,0
0.5,0,0,0,0,0.5,0.5,"",0,0,0,0
-0.5,-0.0811767578125,0,-0.625,0.03125,-0.5,-0.262468610491071,"",0,0,0,0
-0.5,-0.0426432291666667,-0.5,0,-0.00390625,0,-0.0844184027777778,"?",3,0,0,0
0.5,0,0,0,0.0045166015625,0,0.0045166015625,"",0,0,0,0
0,-0.185714285714286,0,-0.0625,0.25830078125,0,-0.0722684151785714,"",0,0,0,0
-0.5,-0.234375,0,0,0.13330078125,-0.5,-0.1404296875,"",0,0,0,0
0.5,-0.0510850694444444,0.25,0,0.03125,0,0.00368923611111111,"",0,0,0,0
0,0.0625,0,0,0,0,0.0625,"",0,0,0,0
-0.5,-0.222222222222222,0,0,0,-0.5,-0.361111111111111,"",0,0,0,0
-0.5,0,0,0,0,0,0,"",0,0,0,0
0,0,0,0,0,0,0,"",0,0,0,0
0.5,-0.125,0,0,0,0.5,0.1875,"",0,0,0,0
0,0,0,0,0,0,0,"",0,0,0,0
-0.5,-0.119047619047619,0,0,0.0863037109375,0,-0.0369070870535714,"",0,0,0,0
-0.5,-0.1666259765625,0,0,-0.322492440541585,-0.5,-0.245919406414032,NA,0,0,1,0
-0.5,-0.178571428571429,0,0,0,-0.5,-0.214285714285714,"",0,0,0,0
0,0,0,0,0,0,0,"",0,0,0,0
0,-0.325520833333333,0,0,0,-0.277777777777778,-0.313585069444444,"",0,0,0,0
-0.5,0.0632327794453431,0,0.125,0.172607421875,0.1,0.115210050330086,"",0,0,0,0
-0.5,-0.125,0,0,-0.75,-0.5,-0.291666666666667,"",0,0,0,0
-0.5,0,-0.5,0,-0.3125,0,-0.40625,"",0,0,0,0
-0.5,-0.132675886154175,0,0,0.0347747847153404,0,-0.0489505507194172,"",0,0,0,0
-0.5,0.0625,0,0,0,-0.5,-0.21875,"",0,0,0,0
1,0.742919921875,0,0,-0.03125,1,0.570556640625,"",0,0,0,0
0,-0.07421875,0,0,-0.1875,0,-0.111979166666667,"",0,0,0,0
-0.5,-0.125,0,0,-0.625,0,-0.291666666666667,"",0,0,0,0
0,0.0416666666666667,-0.25,0,-0.1875,0,-0.0833333333333333,"",0,0,0,0
0,0,0,0,0,0,0,"",0,0,0,0
0,0.135428110758464,0,0,0.0472819196729688,0,0.0913550152157162,"",0,0,0,0
0,0,0,0,0,-0.0208333333333333,-0.0208333333333333,"",0,0,0,0
0,0,0,0,0,-0.0208333333333333,-0.0208333333333333,"",0,0,0,0
-0.5,-0.1899755859375,0,0,0.291666666666667,0,-0.00748779296875,"",0,0,0,0
1,0,0,0,0,1,1,"",0,0,0,0
0,0,0,0,0,0,0,"",0,0,0,0
0,0,0,0,0,0.25,0.25,"",0,0,0,0
0.5,0.434782608695652,0,0,0,0,0.434782608695652,"",0,0,0,0
1,0,0,0,0,1,1,"",0,0,0,0
0,0,0,0,0,-0.0208333333333333,-0.0208333333333333,"",0,0,0,0
1,0,0,0,0,0.815789473684211,0.815789473684211,"",0,0,0,0
1,0,0,0,0,0.815789473684211,0.815789473684211,"",0,0,0,0
1,0,0,0,0,1,1,"",0,0,0,0
1,0,0,0,0,0.815789473684211,0.815789473684211,"",0,0,0,0
0,0,0,0,0,-0.0208333333333333,-0.0208333333333333,"",0,0,0,0
0,0,0,0,0,0,0,"",0,0,0,0
1,0,0,0,0,1,1,"",0,0,0,0
0,0,0,0,0,0,0,"",0,0,0,0
0,0.0078125,0,0,0,-0.0208333333333333,-0.00434027777777777,"",0,0,0,0
0,-0.03125,0,0,0.0863037109375,0,0.02752685546875,"",0,0,0,0
0,0,0,0,0,-0.0208333333333333,-0.0208333333333333,"",0,0,0,0
0,0,0,0,0,-0.0104166666666667,-0.0104166666666667,"",0,0,0,0
1,0,0,0,0,1,1,"",0,0,0,0
-0.5,-0.140625,0,0,-0.0467859903971354,-0.5,-0.150357246398926,"",0,0,0,0
0,0,0,0,0,0,0,"",0,0,0,0
0,0,0,0,0,0,0,"",0,0,0,0
1,0,0,0,0,1,1,"",0,0,0,0
0,0,0,0,0,-0.0208333333333333,-0.0208333333333333,"",0,0,0,0
-0.5,-0.25,0,0,0,0,-0.25,"",0,0,0,0
0,0.017578125,0,0,0,0.0944444444444444,0.0454985119047619,NA,0,0,1,0
0,-0.03125,0,0,-0.03125,0,-0.0104166666666667,"",0,0,0,0
0.5,0.434782608695652,0,0,0,0,0.434782608695652,"",0,0,0,0
0.5,0,0,0,0,0.5,0.5,"",0,0,0,0
0.5,0,0,0,0,0.25,0.25,"",0,0,0,0
0,0,0,0,0,-0.0208333333333333,-0.0208333333333333,"",0,0,0,0
0,0,0,0,0.0625,0,0.0625,"",0,0,0,0
0,0,0,0,0,-0.0208333333333333,-0.0208333333333333,"",0,0,0,0
0,0,0,0,-0.3046875,-0.277777777777778,-0.291232638888889,"",0,0,0,0
0.5,0,0,0,0.5625,0,0.28125,"",0,0,0,0
0,0,0,0,0,-0.0208333333333333,-0.0208333333333333,"",0,0,0,0
0,0,0,0,0,-0.0208333333333333,-0.0208333333333333,"",0,0,0,0
1,0,0,0,0,0.815789473684211,0.815789473684211,"",0,0,0,0
0,0,0,0,0,0,0,"",0,0,0,0
1,0,0,0,0,1,1,"",0,0,0,0
0,-0.06201171875,0,0,-0.00390625,-0.138888888888889,-0.0811414930555556,"?",1,0,0,0
0,0,0,0,0,-0.0208333333333333,-0.0208333333333333,"",0,0,0,0
1,0,0,0,0,0.815789473684211,0.815789473684211,"",0,0,0,0
0,6.103515625e-05,0,0,0.003173828125,0,0.00107828776041667,"",0,0,0,0
1,0.00048828125,0,0,0,0.815789473684211,0.272255345394737,"",0,0,0,0
0,0,0,0,0.875,0,0.875,"?",1,0,0,0
0,0,0,0,0,-0.0208333333333333,-0.0208333333333333,"",0,0,0,0
0,-0.0833333333333333,0,0,0,0,-0.0833333333333333,"",0,0,0,0
0,0.0078125,0,0,0,0,0.00390625,"",0,0,0,0
0,0,0,0,0.0625,0,0.03125,"",0,0,0,0
0,0,0,0,0,-0.0208333333333333,-0.0208333333333333,"",0,0,0,0
1,0,0,0,0,1,1,"",0,0,0,0
0,0,0,0,0,-0.0208333333333333,-0.0208333333333333,"",0,0,0,0
0,0,0,0,0,-0.0104166666666667,-0.0104166666666667,"",0,0,0,0
-0.5,0,0,0,0,-0.5,-0.5,"",0,0,0,0
0,0.09375,0,0,0,0,0.09375,"",0,0,0,0
1,0,0,0,0,0.833333333333333,0.833333333333333,"",0,0,0,0
0,0.046875,0,0,0,0,0.015625,"",0,0,0,0
-0.5,-0.5,0,0,0,-0.5,-0.5,"",0,1,0,0
0,0,0,0,0,0,0,"",0,0,0,0
1,0,0,0,0,1,1,"",0,0,0,0
0,0.0625,0,0,0,-0.0208333333333333,0.0138888888888889,"?",1,0,0,0
0.5,0,0,0,0,0.5,0.5,"",0,0,0,0
0,0,0,0,0,0,0,"",0,0,0,0
0,0,0,0,-0.125,-0.0208333333333333,-0.0729166666666667,"",0,0,0,0
0,0,0,0,0,0,0,"",0,0,0,0
0.5,0,0,0,0,0,0,"",0,0,0,0
0,0,0,0,0,-0.0208333333333333,-0.0208333333333333,"",0,0,0,0
0.5,0.434782608695652,0,0,0,0,0.434782608695652,"",0,0,0,0
0,0,0,0,-0.1875,0,-0.0375,"?",2,0,0,0
0,0,0,-0.0625,0.07421875,0,0.0286458333333333,"",0,0,0,0
0,0,0,0,0,-0.0208333333333333,-0.00520833333333333,"",0,0,0,0
1,0,0,0,0,1,1,"",0,0,0,0
0.5,0,0,0,0,0,0,"",0,0,0,0
-0.5,0,0,0,0.0625,0,0.0625,"",0,0,0,0
-0.5,-0.00341796875,0,0,0.0419921875,0,0.01171875,"",0,0,0,0
0.5,0,0,0,0.5625,0.5,0.354166666666667,"",0,0,0,0
0,0,0,0,0,-0.0208333333333333,-0.0208333333333333,"",0,0,0,0
0,0.0078125,0,0,0,0,0.00390625,"",0,0,0,0
1,0.0357123615436389,0.412109375,0,0.25830078125,0.666666666666667,0.256016113232358,"",0,0,0,0
0.5,0.434782608695652,0,0,0,0,0.434782608695652,"",0,0,0,0
0,0,0,0,0,-0.0104166666666667,-0.0104166666666667,"",0,0,0,0
1,0,0,0,0,1,1,"",0,0,0,0
0.5,0,0,0,0,0,0,"",0,0,0,0
-0.5,0,0,0,0,0,0,NA,0,0,1,0
-0.5,-0.24993896484375,-0.166666666666667,0,-0.0084085464477539,0,-0.0875223477681478,"",0,0,0,0
-0.5,0,0,0,0,-0.5,-0.5,"",0,0,0,0
-0.5,0,0,0,0,-0.0208333333333333,-0.0208333333333333,"",0,0,0,0
1,0,0,0,0,1,1,"",0,0,0,0
0,0,0,0,0,0,0,"",0,0,0,0
0.5,0,0,0,0,0.5,0.5,"",0,0,0,0
